Tasks, Init Task size, Init Task needed cycle breaking, Methods, min(excl. init), max(excl. init), avg(excl. init), Num methods needed cycle breaking, Num methods with > 1 subtasks, Recursive, TDG Height(root=0), find all prec eff(secs), find new orderings(secs), break cycles and topSort(secs), Preprocessing time, Grounding time, Problem Name
396, 6, true, 424, 1, 5, 2.24292, 178, 275, false, 5, 0.000348, 0.000962, 0.003293, 0.004818, .067524255, Rover/pfile12
2258, 17, true, 2589, 1, 5, 2.18347, 1371, 1831, false, 5, 0.003501, 0.012124, 0.015904, 0.034877, .130173754, Rover/pfile19
1484, 11, true, 1866, 1, 5, 2.20043, 664, 1100, false, 5, 0.002099, 0.009535, 0.009573, 0.022082, .088414462, Rover/pfile18
460, 11, true, 441, 1, 5, 2.322, 247, 331, false, 5, 0.000321, 0.000879, 0.003148, 0.005003, .021954589, Rover/pfile10
65, 11, true, 50, 1, 5, 2.3, 24, 37, false, 3, 2.2e-05, 5.6e-05, 0.0006, 0.001021, .009552643, Rover/pfile01
59, 12, true, 46, 1, 5, 2.30435, 19, 32, false, 3, 2.2e-05, 5.4e-05, 0.000721, 0.001276, .009638294, Rover/pfile02
1202, 25, true, 1377, 1, 5, 2.2244, 610, 912, false, 5, 0.001397, 0.005429, 0.020649, 0.034034, .066207648, Rover/pfile17
382, 8, true, 359, 1, 5, 2.37047, 184, 264, false, 5, 0.000309, 0.000883, 0.003304, 0.004839, .027610596, Rover/pfile08
561, 17, true, 595, 1, 5, 2.27731, 282, 416, false, 5, 0.000452, 0.00148, 0.0053, 0.00887, .035229082, Rover/pfile14
626, 11, true, 662, 1, 5, 2.30363, 296, 446, false, 5, 0.000484, 0.00339, 0.004243, 0.008842, .035125578, Rover/pfile16
89, 8, true, 71, 1, 5, 2.43662, 28, 50, false, 4, 3.4e-05, 8.8e-05, 0.000624, 0.000923, .011242030, Rover/pfile03
595, 19, true, 678, 1, 5, 2.19174, 280, 427, false, 6, 0.000479, 0.00171, 0.005548, 0.009603, .032819330, Rover/pfile15
494, 21, true, 513, 1, 5, 2.30019, 238, 354, false, 5, 0.000358, 0.001381, 0.006856, 0.01247, .025439498, Rover/pfile11
245, 33, true, 225, 1, 5, 2.21333, 132, 174, false, 4, 0.000127, 0.000522, 0.011318, 0.022581, .016004115, Rover/pfile06
152, 19, true, 124, 1, 5, 2.24194, 80, 102, false, 5, 0.000133, 0.000328, 0.003186, 0.006111, .028322019, Rover/pfile05
414, 17, true, 420, 1, 5, 2.31667, 196, 295, false, 5, 0.000282, 0.000954, 0.003806, 0.006215, .026809540, Rover/pfile09
707, 12, true, 716, 1, 5, 2.25838, 420, 544, false, 5, 0.000629, 0.001709, 0.00476, 0.008112, .032565659, Rover/pfile13
243, 6, true, 218, 1, 5, 2.41743, 105, 158, false, 5, 0.000172, 0.000476, 0.001982, 0.002798, .041220441, Rover/pfile07
81, 8, true, 61, 1, 5, 2.42623, 27, 45, false, 4, 4.2e-05, 7.9e-05, 0.00057, 0.000842, .012265864, Rover/pfile04
3039, 20, true, 3536, 1, 5, 2.18354, 1723, 2395, false, 6, 0.006196, 0.022749, 0.033308, 0.075663, .210416117, Rover/pfile20
1005, 5, true, 1450, 1, 3, 1.16276, 151, 151, false, 6, 0.000797, 0.000296, 0.003149, 0.004442, .039070569, Woodworking/07--p03-part1
29804, 25, true, 129218, 1, 3, 1.02154, 1927, 1927, false, 5, 0.208889, 0.014879, 0.191079, 0.439731, 1.371893113, Woodworking/20
2748, 7, true, 5620, 1, 3, 1.11904, 466, 466, false, 5, 0.004165, 0.000875, 0.012062, 0.017819, .093495242, Woodworking/15
896, 5, true, 1528, 1, 3, 1.13874, 154, 154, false, 5, 0.000733, 0.000218, 0.003225, 0.004409, .035367167, Woodworking/12
93209, 60, true, 485051, 1, 3, 1.01596, 5356, 5356, false, 5, 2.28247, 0.120948, 1.51484, 4.59592, 5.132038044, Woodworking/27
12, 3, true, 9, 1, 1, 0.888889, 1, 1, false, 3, 6e-06, 2e-06, 2.5e-05, 5.3e-05, .012522916, Woodworking/01--p01-complete
75238, 50, true, 373234, 1, 3, 1.01763, 4537, 4537, false, 5, 1.32882, 0.084321, 1.04587, 2.8407, 4.921978794, Woodworking/25
56590, 40, true, 258945, 1, 3, 1.02022, 3613, 3613, false, 5, 0.708061, 0.058004, 0.633719, 1.55067, 3.307528217, Woodworking/23
21, 6, true, 15, 1, 1, 0.933333, 1, 1, false, 2, 2e-05, 7e-06, 4.5e-05, 0.000104, .014539704, Woodworking/02--p02-part1
82285, 55, true, 390298, 1, 3, 1.01897, 5104, 5104, false, 5, 1.40204, 0.09953, 1.20579, 3.22221, 4.874843013, Woodworking/26
16, 3, true, 12, 1, 3, 1.41667, 5, 5, false, 3, 6e-06, 5e-06, 5.8e-05, 0.000105, .013719436, Woodworking/03--p02-part2
964, 5, true, 1798, 1, 3, 1.14127, 181, 181, false, 5, 0.000938, 0.000291, 0.004229, 0.005737, .042837978, Woodworking/13
23568, 20, true, 84962, 1, 3, 1.03311, 1933, 1933, false, 5, 0.171223, 0.012122, 0.184, 0.380428, 1.072815766, Woodworking/19
1629, 7, true, 2988, 1, 3, 1.13019, 271, 271, false, 5, 0.002609, 0.000645, 0.007129, 0.010974, .058107901, Woodworking/14
15266, 15, true, 57717, 1, 3, 1.02847, 1135, 1135, false, 5, 0.082931, 0.006773, 0.120797, 0.218083, .721295858, Woodworking/18
32, 5, true, 34, 1, 3, 1.08824, 4, 4, false, 3, 1.3e-05, 1e-05, 0.000109, 0.000165, .012601041, Woodworking/04--p02-part3
4386, 9, true, 9594, 1, 3, 1.11747, 775, 775, false, 5, 0.0097, 0.002224, 0.02028, 0.033408, .177057379, Woodworking/16
6167, 9, true, 14167, 1, 3, 1.066, 649, 649, false, 5, 0.017432, 0.002069, 0.022853, 0.044022, .207545712, Woodworking/17
66431, 45, true, 306499, 1, 3, 1.01987, 4201, 4201, false, 5, 0.914641, 0.056828, 0.737702, 1.95638, 3.563756069, Woodworking/24
146, 3, true, 199, 1, 3, 1.10553, 17, 17, false, 5, 6.7e-05, 2.7e-05, 0.000454, 0.000596, .016747840, Woodworking/00--p01-variant
721, 4, true, 1191, 1, 3, 1.24433, 197, 197, false, 6, 0.000661, 0.000316, 0.00347, 0.004632, .033502532, Woodworking/08--p03-part2
102683, 65, true, 512099, 1, 3, 1.01771, 6238, 6238, false, 5, 1.99509, 0.146446, 1.88589, 4.93857, 5.878866410, Woodworking/28
36, 5, true, 38, 1, 3, 1.07895, 4, 4, false, 3, 1.2e-05, 9e-06, 9.8e-05, 0.000145, .013639285, Woodworking/05--p02-part4
110366, 70, true, 521261, 1, 3, 1.01926, 6889, 6889, false, 5, 2.25595, 0.169808, 2.29902, 6.08593, 6.271154970, Woodworking/29
1267, 5, true, 2087, 1, 3, 1.22233, 321, 321, false, 6, 0.001607, 0.000676, 0.005577, 0.008187, .053342713, Woodworking/10--p04-part1
120819, 75, true, 592235, 1, 3, 1.01804, 7330, 7330, false, 5, 2.87917, 0.187864, 2.34165, 6.72111, 7.324008630, Woodworking/30
43515, 30, true, 196969, 1, 3, 1.0216, 2920, 2920, false, 5, 0.402822, 0.030587, 0.300226, 0.786946, 2.173266748, Woodworking/21
254, 7, true, 320, 1, 3, 1.1125, 29, 29, false, 5, 0.00013, 6.1e-05, 0.000744, 0.001051, .027191198, Woodworking/06--p02-complete
49650, 35, true, 230394, 1, 3, 1.02035, 3235, 3235, false, 5, 0.562964, 0.0383, 0.373977, 1.05426, 2.631594020, Woodworking/22
1175, 6, true, 1670, 1, 3, 1.16287, 175, 175, false, 6, 0.001142, 0.000419, 0.003752, 0.005605, .054547436, Woodworking/09--p03-complete
29, 3, true, 37, 1, 3, 2.10811, 15, 32, false, 4, 9e-06, 1.4e-05, 0.00021, 0.000261, .004974769, Satellite/3obs-1sat-2mod
128, 5, true, 260, 1, 3, 2.26154, 135, 216, false, 4, 4.4e-05, 0.000135, 0.001723, 0.002022, .007962093, Satellite/5obs-2sat-2mod
10, 1, false, 10, 1, 4, 2.1, 3, 7, false, 3, 3e-06, 4e-06, 7.3e-05, 8.9e-05, .003860504, Satellite/1obs-1sat-1mod
17, 2, true, 21, 1, 4, 2.42857, 9, 18, false, 3, 5e-06, 1e-05, 0.000171, 0.000231, .004109167, Satellite/2obs-1sat-1mod
32, 2, true, 38, 1, 4, 2.13158, 14, 32, false, 4, 1e-05, 1.7e-05, 0.000224, 0.000272, .004958991, Satellite/2obs-2sat-2mod
88, 4, true, 135, 1, 3, 2.20741, 61, 115, false, 4, 2.8e-05, 7.1e-05, 0.00086, 0.001029, .006812946, Satellite/4obs-2sat-3mod
22, 3, true, 29, 1, 4, 2.51724, 13, 25, false, 3, 7e-06, 1.4e-05, 0.000272, 0.000323, .004363620, Satellite/3obs-1sat-1mod
58, 3, true, 81, 1, 3, 2.16049, 32, 71, false, 4, 1.8e-05, 4e-05, 0.000472, 0.000569, .005679850, Satellite/3obs-2sat-2mod
55, 4, true, 92, 1, 3, 2.21739, 45, 77, false, 4, 1.7e-05, 3.8e-05, 0.000612, 0.000724, .005794582, Satellite/4obs-1sat-3mod
66, 3, true, 99, 1, 4, 2.61616, 43, 87, false, 3, 2.1e-05, 7.4e-05, 0.00086, 0.000998, .006393880, Satellite/3obs-3sat-1mod
76, 6, true, 120, 1, 4, 2.71667, 55, 109, false, 3, 2.3e-05, 8.6e-05, 0.001172, 0.001407, .006799991, Satellite/6obs-2sat-2mod
55, 3, true, 74, 1, 3, 2.14865, 29, 64, false, 4, 2.4e-05, 3.8e-05, 0.000419, 0.000522, .006054325, Satellite/3obs-2sat-3mod
139, 5, true, 202, 1, 4, 2.38614, 85, 182, false, 4, 4.9e-05, 0.00017, 0.001469, 0.001802, .008935467, Satellite/5obs-5sat-5mod
98, 4, true, 155, 1, 4, 2.25806, 72, 125, false, 4, 3.4e-05, 0.000106, 0.001071, 0.001283, .007699574, Satellite/4obs-4sat-4mod
40, 1, false, 59, 1, 4, 2.47458, 24, 48, false, 3, 1.3e-05, 3.1e-05, 0.00049, 0.000556, .005115079, Satellite/1obs-2sat-1mod
44, 3, true, 64, 1, 4, 2.59375, 28, 56, false, 3, 1.4e-05, 4e-05, 0.000556, 0.000645, .005683637, Satellite/3obs-2sat-1mod
24, 2, true, 29, 1, 3, 2.06897, 11, 25, false, 4, 8e-06, 1.1e-05, 0.000161, 0.000198, .004598100, Satellite/2obs-1sat-2mod
17, 2, true, 21, 1, 4, 2.42857, 9, 18, false, 3, 5e-06, 9e-06, 0.000177, 0.000218, .004357952, Satellite/sat-C
36, 1, false, 45, 1, 3, 1.95556, 16, 32, false, 4, 1e-05, 1.8e-05, 0.000232, 0.000277, .005418095, Satellite/sat-B
63, 3, true, 83, 1, 4, 2.16867, 32, 71, false, 4, 2.2e-05, 4.9e-05, 0.000484, 0.000594, .006807133, Satellite/3obs-3sat-3mod
66, 3, true, 90, 1, 4, 2.17778, 35, 78, false, 4, 2.3e-05, 5.1e-05, 0.000538, 0.000653, .006543927, Satellite/3obs-3sat-2mod
34, 3, true, 46, 1, 3, 2.15217, 19, 40, false, 4, 1e-05, 2e-05, 0.00027, 0.000331, .005332122, Satellite/3obs-1sat-3mod
131, 8, true, 213, 1, 4, 2.74648, 97, 196, false, 3, 5.3e-05, 0.000205, 0.002062, 0.002522, .009031322, Satellite/8obs-3sat-4mod
31, 2, true, 41, 1, 4, 2.4878, 17, 35, false, 3, 1.4e-05, 2.3e-05, 0.000343, 0.000421, .005282849, Satellite/2obs-2sat-1mod
10, 1, false, 10, 1, 4, 2.1, 3, 7, false, 3, 3e-06, 4e-06, 8.2e-05, 0.0001, .004208680, Satellite/sat-A
1419, 5, true, 1146, 1, 5, 2.45986, 737, 1020, false, 10, 0.002679, 0.005496, 0.007378, 0.015793, .047623298, Barman-BDI/pfile12
32612, 40, true, 26972, 1, 5, 2.52202, 19237, 24954, false, 10, 0.586934, 2.07111, 0.285012, 3.05508, 1.199209588, Barman-BDI/pfile19
18408, 30, true, 15184, 1, 5, 2.51772, 10722, 14002, false, 10, 0.218747, 0.675973, 0.131632, 1.0643, .612169663, Barman-BDI/pfile18
1125, 3, true, 910, 1, 5, 2.44945, 585, 808, false, 10, 0.002061, 0.003699, 0.006544, 0.012495, .044073879, Barman-BDI/pfile10
165, 1, false, 128, 1, 5, 2.30469, 64, 101, false, 10, 0.000114, 0.000163, 0.000948, 0.001262, .015524365, Barman-BDI/pfile01
300, 2, true, 236, 1, 5, 2.37712, 130, 198, false, 10, 0.000264, 0.000439, 0.001794, 0.002561, .018000969, Barman-BDI/pfile02
10434, 20, true, 8586, 1, 5, 2.51211, 6002, 7890, false, 10, 0.08899, 0.211611, 0.061965, 0.370498, .367919160, Barman-BDI/pfile17
649, 3, true, 518, 1, 5, 2.42278, 313, 450, false, 10, 0.000832, 0.001426, 0.003745, 0.006119, .032854422, Barman-BDI/pfile08
2597, 5, true, 2117, 1, 5, 2.47473, 1417, 1909, false, 10, 0.007343, 0.017356, 0.014099, 0.039227, .077519356, Barman-BDI/pfile14
3060, 14, true, 2480, 1, 5, 2.49315, 1636, 2238, false, 10, 0.011708, 0.027198, 0.020303, 0.06146, .086603412, Barman-BDI/pfile16
393, 3, true, 309, 1, 5, 2.40129, 173, 262, false, 10, 0.000404, 0.000708, 0.00247, 0.003743, .021922750, Barman-BDI/pfile03
3250, 10, true, 2648, 1, 5, 2.49018, 1777, 2398, false, 10, 0.012509, 0.026431, 0.019881, 0.059787, .090637052, Barman-BDI/pfile15
1484, 6, true, 1201, 1, 5, 2.47294, 779, 1075, false, 10, 0.003089, 0.005763, 0.00836, 0.017506, .047781063, Barman-BDI/pfile11
580, 4, true, 460, 1, 5, 2.43043, 271, 398, false, 10, 0.000718, 0.001284, 0.003844, 0.005988, .025563594, Barman-BDI/pfile06
559, 3, true, 445, 1, 5, 2.42022, 265, 385, false, 10, 0.000783, 0.001613, 0.003409, 0.005924, .024914989, Barman-BDI/pfile05
782, 4, true, 626, 1, 5, 2.44249, 385, 549, false, 10, 0.00138, 0.002472, 0.005068, 0.009117, .034229350, Barman-BDI/pfile09
1871, 9, true, 1512, 1, 5, 2.48214, 981, 1356, false, 10, 0.004618, 0.009575, 0.013218, 0.027973, .056609048, Barman-BDI/pfile13
628, 2, true, 503, 1, 5, 2.41352, 307, 437, false, 10, 0.001029, 0.001453, 0.003572, 0.006161, .029721286, Barman-BDI/pfile07
444, 2, true, 352, 1, 5, 2.3892, 204, 300, false, 10, 0.000445, 0.000747, 0.002565, 0.003846, .024230681, Barman-BDI/pfile04
47794, 50, true, 39576, 1, 5, 2.52411, 28357, 36670, false, 10, 1.11806, 4.38301, 0.533856, 6.27998, 1.725645906, Barman-BDI/pfile20
8, 7, true, 1, 0, 0, 0, 1, 1, false, 1, 2e-06, 5e-06, 3.1e-05, 7.8e-05, .016961542, UM-Translog/07-A-FlatbedTruck
12, 14, true, 1, 0, 0, 0, 1, 1, false, 1, 3e-06, 1.2e-05, 8.8e-05, 0.000204, .015289981, UM-Translog/03-A-ArmoredRegularTruck
11, 4, true, 3, 7, 8, 5, 3, 3, false, 2, 3e-06, 1e-05, 0.000133, 0.00017, .015725993, UM-Translog/16-A-RegularTruck-4Locations
12, 13, true, 1, 0, 0, 0, 1, 1, false, 1, 3e-06, 1.2e-05, 9.8e-05, 0.000223, .016042237, UM-Translog/02-A-Airplane
14, 17, true, 1, 0, 0, 0, 1, 1, false, 1, 4e-06, 2.1e-05, 0.000227, 0.000494, .014294181, UM-Translog/20-A-TankerTruck
12, 9, true, 3, 3, 4, 2.33333, 3, 3, false, 2, 5e-06, 1e-05, 0.000106, 0.000228, .015675103, UM-Translog/05-A-AutoTraincar
20, 18, true, 3, 13, 16, 9.66667, 3, 3, false, 2, 3.3e-05, 7.3e-05, 0.000835, 0.001414, .016785915, UM-Translog/19-A-TankerTraincarHub
10, 3, true, 3, 7, 8, 5, 3, 3, false, 2, 5e-06, 9e-06, 0.000131, 0.000163, .016120165, UM-Translog/15-A-RegularTruck-3Locations
8, 9, true, 1, 0, 0, 0, 1, 1, false, 1, 2e-06, 6e-06, 7.8e-05, 0.000182, .014675915, UM-Translog/08-A-HopperTruck
22, 27, true, 1, 0, 0, 0, 1, 1, false, 1, 5e-06, 7.1e-05, 0.000511, 0.001118, .017134778, UM-Translog/13-A-Regular2TrainStations2PostOffices
8, 9, true, 1, 0, 0, 0, 1, 1, false, 1, 2e-06, 5e-06, 6.6e-05, 0.000162, .014727574, UM-Translog/18-A-RegularTruck
8, 9, true, 1, 0, 0, 0, 1, 1, false, 1, 2e-06, 6e-06, 6.5e-05, 0.000151, .015223176, UM-Translog/14-A-RegularTruck-2Regions
14, 17, true, 1, 0, 0, 0, 1, 1, false, 1, 4e-06, 2.2e-05, 0.000228, 0.000494, .015102727, UM-Translog/12-A-RefrigeratedTankerTruck
10, 11, true, 1, 0, 0, 0, 1, 1, false, 1, 3e-06, 9e-06, 7.9e-05, 0.000182, .015383281, UM-Translog/10-A-RefrigeratedRegularTraincar
14, 12, true, 3, 7, 8, 5, 3, 3, false, 2, 4e-06, 2.2e-05, 0.000267, 0.000473, .015726175, UM-Translog/22-B-RegularTruck
24, 22, true, 3, 16, 19, 11.6667, 3, 3, false, 2, 9e-06, 0.000138, 0.001184, 0.001922, .016538203, UM-Translog/11-A-RefrigeratedTankerTraincarHub
10, 11, true, 1, 0, 0, 0, 1, 1, false, 1, 3e-06, 1e-05, 9.6e-05, 0.000217, .016015347, UM-Translog/04-A-AutoTraincar-bis
10, 11, true, 1, 0, 0, 0, 1, 1, false, 1, 4e-06, 1.3e-05, 8e-05, 0.00019, .015846697, UM-Translog/09-A-MailTraincar
8, 9, true, 1, 0, 0, 0, 1, 1, false, 1, 2e-06, 5e-06, 6.5e-05, 0.000151, .014805144, UM-Translog/17-A-RegularTruckCustom
21, 26, true, 1, 0, 0, 0, 1, 1, false, 1, 5e-06, 7.3e-05, 0.000409, 0.000934, .016667543, UM-Translog/21-B-ParcelsChemicals
8, 9, true, 1, 0, 0, 0, 1, 1, false, 1, 2e-06, 6e-06, 7.9e-05, 0.000191, .014448777, UM-Translog/06-A-AutoTruck
23, 26, true, 1, 0, 0, 0, 1, 1, false, 1, 7e-06, 7.3e-05, 0.000328, 0.000753, .017138302, UM-Translog/01-A-AirplanesHub
67418, 1, false, 55016, 1, 12, 2.21425, 15612, 48960, true, 9, 0.883841, 0.668324, 0.271253, 1.83233, 1.968474542, Monroe-Partially-Observable/pfile01-p-0088-quell-riot-1
68890, 1, false, 56051, 1, 12, 2.21427, 15924, 49852, true, 10, 0.942123, 0.720257, 0.305209, 1.97687, 2.117342305, Monroe-Partially-Observable/pfile02-p-0068-provide-medical-attention-4
67422, 1, false, 55020, 1, 12, 2.21416, 15612, 48960, true, 10, 0.904651, 0.660727, 0.275022, 1.84942, 2.017444060, Monroe-Partially-Observable/pfile03-p-0014-fix-power-line-3
67433, 1, false, 55029, 1, 12, 2.21416, 15759, 48963, true, 10, 1.09354, 0.758845, 0.292644, 2.1545, 2.020389357, Monroe-Partially-Observable/pfile04-p-0025-clear-road-wreck-7
73827, 1, false, 60547, 1, 12, 2.19951, 17124, 53620, true, 9, 1.01056, 0.750031, 0.308397, 2.07914, 2.200552994, Monroe-Partially-Observable/pfile05-p-0076-plow-road-4
67430, 1, false, 55028, 1, 12, 2.21398, 15612, 48960, true, 10, 0.840919, 0.676887, 0.290996, 1.81845, 2.140450291, Monroe-Partially-Observable/pfile06-p-0100-fix-water-main-10
67429, 1, false, 55027, 1, 12, 2.21404, 15612, 48961, true, 10, 0.89854, 0.672527, 0.273846, 1.85433, 2.172201452, Monroe-Partially-Observable/pfile07-p-0073-provide-temp-heat-8
67812, 1, false, 55315, 1, 12, 2.2171, 15915, 49245, true, 10, 0.880504, 0.701172, 0.291264, 1.88105, 1.982991725, Monroe-Partially-Observable/pfile08-p-0017-clear-road-tree-9
67811, 1, false, 55314, 1, 12, 2.21703, 15780, 49244, true, 10, 0.852989, 0.671786, 0.262352, 1.79543, 1.996698556, Monroe-Partially-Observable/pfile09-p-0018-fix-power-line-6
67428, 1, false, 55026, 1, 12, 2.21403, 15612, 48960, true, 10, 0.869285, 0.643624, 0.261608, 1.78299, 1.924654744, Monroe-Partially-Observable/pfile10-p-0028-set-up-shelter-6
68884, 1, false, 56045, 1, 12, 2.2144, 15924, 49852, true, 9, 0.83563, 0.689478, 0.273442, 1.8071, 2.015957940, Monroe-Partially-Observable/pfile11-p-0034-provide-medical-attention-1
67425, 1, false, 55023, 1, 12, 2.21413, 15612, 48961, true, 10, 0.810988, 0.66419, 0.264063, 1.74798, 2.048720463, Monroe-Partially-Observable/pfile12-p-0073-provide-temp-heat-4
67418, 1, false, 55016, 1, 12, 2.21425, 15612, 48960, true, 10, 0.79075, 0.636888, 0.262279, 1.69831, 1.972764972, Monroe-Partially-Observable/pfile13-p-0028-set-up-shelter-1
67801, 1, false, 55304, 1, 12, 2.21725, 15770, 49244, true, 10, 1.06971, 0.83649, 0.312374, 2.2282, 2.130761955, Monroe-Partially-Observable/pfile14-p-0094-fix-power-line-1
73821, 1, false, 60541, 1, 12, 2.19963, 17124, 53620, true, 10, 1.16049, 1.02183, 0.368451, 2.56553, 2.177067990, Monroe-Partially-Observable/pfile15-p-0021-plow-road-1
67425, 1, false, 55021, 1, 12, 2.21434, 15615, 48963, true, 10, 1.00091, 0.701116, 0.318768, 2.02948, 2.505363917, Monroe-Partially-Observable/pfile16-p-0005-clear-road-wreck-2
67428, 1, false, 55026, 1, 12, 2.21403, 15612, 48960, true, 10, 0.937462, 0.757821, 0.31538, 2.02179, 2.115744211, Monroe-Partially-Observable/pfile17-p-0100-fix-water-main-7
67422, 1, false, 55020, 1, 12, 2.21416, 15612, 48960, true, 10, 0.879835, 0.681082, 0.28908, 1.85839, 2.024166523, Monroe-Partially-Observable/pfile18-p-0058-fix-water-main-3
67433, 1, false, 55031, 1, 12, 2.21402, 15757, 48963, true, 10, 0.823234, 0.648771, 0.264289, 1.74443, 2.150080095, Monroe-Partially-Observable/pfile19-p-0054-clear-road-hazard-9
67425, 1, false, 55021, 1, 12, 2.21434, 15615, 48963, true, 10, 0.79753, 0.640929, 0.255401, 1.70199, 1.930818323, Monroe-Partially-Observable/pfile20-p-0046-clear-road-wreck-2
67801, 1, false, 55304, 1, 12, 2.21725, 15770, 49244, true, 10, 1.00044, 0.740666, 0.263562, 2.01437, 1.917780640, Monroe-Partially-Observable/pfile21-p-0018-fix-power-line-1
67429, 1, false, 55027, 1, 12, 2.21411, 15613, 48963, true, 10, 0.872444, 0.678871, 0.281452, 1.8414, 2.005644238, Monroe-Partially-Observable/pfile22-p-0037-clear-road-hazard-4
67443, 1, false, 55041, 1, 12, 2.21373, 15612, 48961, true, 10, 0.96849, 0.71262, 0.304955, 1.99518, 2.232101933, Monroe-Partially-Observable/pfile23-p-0086-provide-temp-heat-17
67427, 1, false, 55025, 1, 12, 2.21416, 15613, 48963, true, 10, 0.813681, 0.658679, 0.261265, 1.74195, 2.021334202, Monroe-Partially-Observable/pfile24-p-0059-clear-road-hazard-3
8062, 60, true, 9073, 1, 3, 1.38796, 3102, 3102, true, 47, 0.046957, 0.043872, 0.538211, 1.13467, .178996771, Transport/pfile34
6386, 50, true, 6826, 1, 3, 1.37416, 2206, 2206, true, 32, 0.029409, 0.028237, 0.252204, 0.539644, .136632926, Transport/pfile33
3673, 30, true, 4135, 1, 3, 1.38718, 1423, 1423, true, 32, 0.010454, 0.008583, 0.039834, 0.088122, .070006866, Transport/pfile31
12969, 80, true, 15377, 1, 3, 1.40105, 5529, 5529, true, 56, 0.097138, 0.111501, 1.73724, 3.59617, .297958392, Transport/pfile36
13421, 100, true, 13761, 1, 3, 1.36327, 4201, 4201, true, 50, 0.096238, 0.162584, 4.1318, 8.48741, .328118342, Transport/pfile38
511, 12, true, 511, 1, 3, 1.43249, 187, 187, true, 10, 0.000404, 0.000356, 0.002611, 0.004359, .012910608, Transport/pfile22
129, 4, true, 131, 1, 3, 1.41985, 49, 49, true, 8, 6.2e-05, 4.6e-05, 0.000473, 0.000633, .005825147, Transport/pfile12
402, 11, true, 401, 1, 3, 1.35661, 123, 123, true, 10, 0.000263, 0.00022, 0.001874, 0.003073, .010843285, Transport/pfile19
381, 10, true, 401, 1, 3, 1.37157, 131, 131, true, 10, 0.000235, 0.000169, 0.001547, 0.002424, .009670022, Transport/pfile18
116, 24, true, 102, 1, 2, 1.19608, 22, 22, true, 5, 3e-05, 9.4e-05, 0.012137, 0.024303, .005740418, Transport/pfile10
19, 6, true, 16, 1, 2, 1.4375, 9, 9, true, 4, 5e-06, 8e-06, 0.000117, 0.000215, .003543644, Transport/pfile01
45, 9, true, 41, 1, 2, 1.26829, 13, 13, true, 5, 1.1e-05, 1.8e-05, 0.000375, 0.000724, .004035785, Transport/pfile02
4763, 40, true, 5365, 1, 3, 1.38788, 1843, 1843, true, 35, 0.017628, 0.015954, 0.112909, 0.245998, .118187851, Transport/pfile32
340, 9, true, 355, 1, 3, 1.36901, 115, 115, true, 12, 0.000209, 0.000154, 0.001366, 0.002087, .009433308, Transport/pfile17
14939, 90, true, 18057, 1, 3, 1.40577, 6609, 6609, true, 61, 0.123002, 0.150787, 2.83983, 5.81631, .366551049, Transport/pfile37
104, 18, true, 99, 1, 2, 1.24242, 26, 26, true, 7, 3.6e-05, 7.9e-05, 0.004586, 0.009101, .006013091, Transport/pfile08
2286, 25, true, 2396, 1, 3, 1.36895, 761, 761, true, 21, 0.004146, 0.003692, 0.020335, 0.046096, .043123409, Transport/pfile29
175, 6, true, 169, 1, 3, 1.42012, 61, 61, true, 8, 7e-05, 6e-05, 0.000575, 0.000804, .006233480, Transport/pfile14
18581, 110, true, 19291, 1, 3, 1.36644, 5971, 5971, true, 61, 0.152705, 0.266003, 6.21935, 12.725, .433942768, Transport/pfile39
397, 9, true, 406, 1, 3, 1.4335, 151, 151, true, 11, 0.000311, 0.000348, 0.001859, 0.003016, .017055639, Transport/pfile21
235, 8, true, 229, 1, 3, 1.42358, 83, 83, true, 9, 0.00013, 0.000132, 0.001071, 0.001597, .008232503, Transport/pfile16
1473, 20, true, 1545, 1, 3, 1.36958, 493, 493, true, 18, 0.002447, 0.002193, 0.011423, 0.023297, .035106486, Transport/pfile26
44, 9, true, 42, 1, 2, 1.28571, 14, 14, true, 5, 1.3e-05, 2.2e-05, 0.000444, 0.000838, .004939199, Transport/pfile03
1416, 20, true, 1406, 1, 3, 1.42959, 506, 506, true, 12, 0.002097, 0.002156, 0.010594, 0.021487, .029225844, Transport/pfile28
605, 10, true, 634, 1, 3, 1.36751, 205, 205, true, 14, 0.000523, 0.000376, 0.002342, 0.003793, .014276357, Transport/pfile23
1161, 15, true, 1241, 1, 3, 1.43836, 471, 471, true, 13, 0.001486, 0.001296, 0.005449, 0.010372, .022039578, Transport/pfile27
2649, 20, true, 3037, 1, 3, 1.39085, 1069, 1069, true, 25, 0.006846, 0.004907, 0.013934, 0.031823, .049775321, Transport/pfile30
204, 7, true, 197, 1, 3, 1.42132, 71, 71, true, 9, 9.8e-05, 9.3e-05, 0.000817, 0.001181, .007499196, Transport/pfile15
20001, 120, true, 20561, 1, 3, 1.36375, 6281, 6281, true, 51, 0.18791, 0.372011, 9.47127, 19.6905, .647888268, Transport/pfile40
363, 35, true, 341, 1, 3, 1.38416, 112, 112, true, 9, 0.000215, 0.000576, 0.003773, 0.007412, .012124335, Transport/pfile24
9038, 70, true, 9920, 1, 3, 1.38165, 3298, 3298, true, 46, 0.057254, 0.063042, 1.04473, 2.20227, .215759997, Transport/pfile35
115, 4, true, 109, 1, 3, 1.41284, 39, 39, true, 6, 5.6e-05, 4.2e-05, 0.000427, 0.000581, .011462463, Transport/pfile11
71, 15, true, 66, 1, 2, 1.28788, 21, 21, true, 6, 2.4e-05, 5.3e-05, 0.002545, 0.005027, .005693271, Transport/pfile06
81, 15, true, 74, 1, 2, 1.21622, 18, 18, true, 6, 2.8e-05, 5e-05, 0.002407, 0.004851, .005559050, Transport/pfile05
103, 21, true, 91, 1, 2, 1.1978, 20, 20, true, 5, 3.2e-05, 8.8e-05, 0.008239, 0.016727, .006138775, Transport/pfile09
144, 5, true, 137, 1, 3, 1.41606, 49, 49, true, 6, 5.7e-05, 5.3e-05, 0.000531, 0.000715, .006160663, Transport/pfile13
79, 18, true, 70, 1, 2, 1.27143, 21, 21, true, 5, 2.7e-05, 6.8e-05, 0.004665, 0.0093, .005833241, Transport/pfile07
68, 12, true, 63, 1, 2, 1.22222, 16, 16, true, 5, 2.2e-05, 3.7e-05, 0.001092, 0.002124, .005019320, Transport/pfile04
309, 6, true, 353, 1, 3, 1.3881, 127, 127, true, 15, 0.000227, 0.000147, 0.001221, 0.001737, .010247415, Transport/pfile20
933, 16, true, 949, 1, 3, 1.43309, 349, 349, true, 14, 0.001181, 0.001073, 0.006078, 0.011272, .020457244, Transport/pfile25
13, 2, true, 13, 2, 5, 3.38462, 13, 13, true, 2, 5e-06, 1e-05, 0.000286, 0.00032, .004549855, PCP/p-pcp01
15, 2, true, 17, 2, 5, 3.64706, 17, 17, true, 2, 4e-06, 1.4e-05, 0.000425, 0.000463, .004216624, PCP/p-pcp02
13, 2, true, 13, 2, 5, 3.38462, 13, 13, true, 2, 1.1e-05, 1e-05, 0.000285, 0.000326, .003615863, PCP/p-pcp03
15, 2, true, 13, 2, 4, 2.92308, 13, 13, true, 2, 5e-06, 8e-06, 0.000225, 0.000257, .004103661, PCP/p-pcp04
15, 2, true, 17, 2, 7, 4.23529, 17, 17, true, 2, 6e-06, 1.9e-05, 0.000743, 0.000787, .004482888, PCP/p-pcp05
13, 2, true, 13, 2, 7, 3.53846, 13, 13, true, 2, 4e-06, 1.1e-05, 0.000439, 0.000474, .004337473, PCP/p-pcp06
13, 2, true, 13, 2, 6, 3.53846, 13, 13, true, 2, 4e-06, 1.1e-05, 0.000364, 0.000398, .003846568, PCP/p-pcp07
13, 2, true, 13, 2, 5, 3.38462, 13, 13, true, 2, 5e-06, 1e-05, 0.00031, 0.000345, .003810583, PCP/p-pcp08
17, 2, true, 17, 2, 5, 2.94118, 17, 17, true, 2, 7e-06, 1.1e-05, 0.000295, 0.000332, .004221725, PCP/p-pcp09
11, 2, true, 9, 2, 4, 2.66667, 9, 9, true, 2, 4e-06, 6e-06, 0.000136, 0.000189, .003649622, PCP/p-pcp10
11, 2, true, 9, 2, 5, 3.11111, 9, 9, true, 2, 3e-06, 7e-06, 0.000214, 0.000243, .003889562, PCP/p-pcp11
11, 2, true, 9, 2, 6, 3.55556, 9, 9, true, 2, 3e-06, 8e-06, 0.000333, 0.000369, .003700265, PCP/p-pcp12
11, 2, true, 9, 2, 7, 4, 9, 9, true, 2, 5e-06, 1e-05, 0.000536, 0.00057, .003753110, PCP/p-pcp13
11, 2, true, 9, 2, 8, 4.44444, 9, 9, true, 2, 3e-06, 1.2e-05, 0.000808, 0.00084, .003610112, PCP/p-pcp14
11, 2, true, 9, 2, 5, 3.11111, 9, 9, true, 2, 3e-06, 7e-06, 0.000212, 0.00024, .003927823, PCP/p-pcp15
13, 2, true, 13, 2, 4, 2.92308, 13, 13, true, 2, 5e-06, 9e-06, 0.000216, 0.000249, .004363831, PCP/p-pcp16
13, 2, true, 13, 2, 5, 2.92308, 13, 13, true, 2, 5e-06, 9e-06, 0.00025, 0.000285, .003814339, PCP/p-pcp17
67418, 1, false, 55016, 1, 12, 2.21425, 15612, 48960, true, 9, 0.778807, 0.661582, 0.281638, 1.73008, 1.879062845, Monroe-Fully-Observable/pfile01-p-0088-quell-riot-1-tlt
68890, 1, false, 56051, 1, 12, 2.21427, 15924, 49852, true, 10, 0.879841, 0.744569, 0.311049, 1.9439, 2.088605451, Monroe-Fully-Observable/pfile02-p-0068-provide-medical-attention-4-tlt
67422, 1, false, 55020, 1, 12, 2.21416, 15612, 48960, true, 10, 1.1499, 0.871536, 0.353081, 2.38417, 2.363868373, Monroe-Fully-Observable/pfile03-p-0014-fix-power-line-3-tlt
67435, 1, false, 55031, 1, 12, 2.21412, 15759, 48963, true, 10, 1.19909, 0.940189, 0.386501, 2.53558, 2.182812782, Monroe-Fully-Observable/pfile04-p-0025-clear-road-wreck-7-tlt
73827, 1, false, 60547, 1, 12, 2.19951, 17124, 53620, true, 9, 0.918568, 0.758188, 0.318705, 2.0055, 2.227479670, Monroe-Fully-Observable/pfile05-p-0076-plow-road-4-tlt
67436, 1, false, 55034, 1, 12, 2.21385, 15756, 48960, true, 10, 0.824061, 0.765909, 0.26765, 1.86733, 2.008236585, Monroe-Fully-Observable/pfile06-p-0100-fix-water-main-10-tlt
67433, 1, false, 55031, 1, 12, 2.21395, 15612, 48961, true, 10, 0.887413, 0.702324, 0.277733, 1.87696, 2.454628413, Monroe-Fully-Observable/pfile07-p-0073-provide-temp-heat-8-tlt
67818, 1, false, 55321, 1, 12, 2.21697, 15915, 49245, true, 10, 0.915092, 0.663125, 0.291968, 1.87921, 2.179585562, Monroe-Fully-Observable/pfile08-p-0017-clear-road-tree-9-tlt
67811, 1, false, 55314, 1, 12, 2.21703, 15780, 49244, true, 10, 0.915571, 0.694899, 0.292435, 1.91155, 2.032264952, Monroe-Fully-Observable/pfile09-p-0018-fix-power-line-6-tlt
67428, 1, false, 55026, 1, 12, 2.21403, 15612, 48960, true, 10, 0.995091, 0.714162, 0.264543, 1.98271, 2.125933811, Monroe-Fully-Observable/pfile10-p-0028-set-up-shelter-6-tlt
68884, 1, false, 56045, 1, 12, 2.2144, 15924, 49852, true, 10, 1.00465, 0.81135, 0.299592, 2.12542, 2.100781842, Monroe-Fully-Observable/pfile11-p-0034-provide-medical-attention-1-tlt
67425, 1, false, 55023, 1, 12, 2.21413, 15612, 48961, true, 10, 0.824333, 0.688065, 0.326409, 1.84785, 2.125743744, Monroe-Fully-Observable/pfile12-p-0073-provide-temp-heat-4-tlt
67418, 1, false, 55016, 1, 12, 2.21425, 15612, 48960, true, 10, 0.948208, 0.727939, 0.30465, 1.99035, 1.994332854, Monroe-Fully-Observable/pfile13-p-0028-set-up-shelter-1-tlt
67801, 1, false, 55304, 1, 12, 2.21725, 15770, 49244, true, 10, 0.843699, 0.648231, 0.266956, 1.76706, 2.026794022, Monroe-Fully-Observable/pfile14-p-0094-fix-power-line-1-tlt
73821, 1, false, 60541, 1, 12, 2.19963, 17124, 53620, true, 10, 0.89512, 0.755413, 0.301454, 1.96142, 1.978701590, Monroe-Fully-Observable/pfile15-p-0021-plow-road-1-tlt
67425, 1, false, 55021, 1, 12, 2.21434, 15615, 48963, true, 10, 0.834986, 0.64418, 0.264141, 1.75202, 1.926249960, Monroe-Fully-Observable/pfile16-p-0005-clear-road-wreck-2-tlt
67430, 1, false, 55028, 1, 12, 2.21398, 15756, 48960, true, 10, 0.824572, 0.673976, 0.27313, 1.78034, 1.921506268, Monroe-Fully-Observable/pfile17-p-0100-fix-water-main-7-tlt
67422, 1, false, 55020, 1, 12, 2.21416, 15612, 48960, true, 10, 0.847788, 0.639456, 0.269737, 1.7654, 1.976057629, Monroe-Fully-Observable/pfile18-p-0058-fix-water-main-3-tlt
67439, 1, false, 55037, 1, 12, 2.21389, 15757, 48963, true, 10, 1.18384, 0.805356, 0.34111, 2.3394, 2.107014505, Monroe-Fully-Observable/pfile19-p-0054-clear-road-hazard-9-tlt
67425, 1, false, 55021, 1, 12, 2.21434, 15615, 48963, true, 10, 0.910039, 0.694194, 0.277227, 1.8898, 2.015751998, Monroe-Fully-Observable/pfile20-p-0046-clear-road-wreck-2-tlt
67801, 1, false, 55304, 1, 12, 2.21725, 15770, 49244, true, 10, 0.980331, 0.760583, 0.310483, 2.06121, 1.932598981, Monroe-Fully-Observable/pfile21-p-0018-fix-power-line-1-tlt
67429, 1, false, 55027, 1, 12, 2.21411, 15613, 48963, true, 10, 1.03354, 0.760029, 0.291372, 2.09436, 2.246526376, Monroe-Fully-Observable/pfile22-p-0037-clear-road-hazard-4-tlt
67451, 1, false, 55049, 1, 12, 2.21356, 15612, 48961, true, 10, 1.00947, 0.772933, 0.333656, 2.12614, 2.571219811, Monroe-Fully-Observable/pfile23-p-0086-provide-temp-heat-17-tlt
67427, 1, false, 55025, 1, 12, 2.21416, 15613, 48963, true, 10, 0.906029, 0.719587, 0.289302, 1.9237, 1.990999036, Monroe-Fully-Observable/pfile24-p-0059-clear-road-hazard-3-tlt
67425, 1, false, 55023, 1, 12, 2.2142, 15613, 48963, true, 10, 0.908116, 0.767525, 0.309749, 1.99361, 2.075412610, Monroe-Fully-Observable/pfile25-p-0050-clear-road-hazard-2-tlt
485, 4, true, 449, 1, 4, 2.01336, 209, 409, false, 7, 0.000376, 0.000282, 0.002122, 0.002897, .025921374, Zenotravel/zenotravel05
123, 3, true, 104, 1, 6, 2.00962, 53, 95, false, 5, 4.6e-05, 4.6e-05, 0.000539, 0.000669, .011162479, Zenotravel/zenotravel01
97, 3, true, 77, 1, 6, 2.02597, 37, 69, false, 6, 4.2e-05, 3.6e-05, 0.000397, 0.000509, .010674942, Zenotravel/zenotravel02
281, 5, true, 239, 1, 6, 2.08368, 113, 213, false, 7, 0.000174, 0.000179, 0.00131, 0.001771, .016243176, Zenotravel/zenotravel04
228, 6, true, 184, 1, 6, 2.16848, 85, 165, false, 7, 0.000169, 0.0002, 0.001094, 0.001603, .017003035, Zenotravel/zenotravel03
10, 7, true, 3, 1, 2, 1, 2, 2, false, 2, 3e-06, 5e-06, 0.0001, 0.000216, .026571048, SmartPhone/06-OrganizeMeeting_with_preferences_noPhoneNumber
74, 24, true, 77, 1, 6, 1.16883, 6, 10, true, 3, 2.6e-05, 0.00013, 0.001817, 0.003631, .026736327, SmartPhone/03-OrganizeMeeting_Small
26, 5, true, 12, 1, 2, 1, 6, 6, false, 3, 9e-06, 1.9e-05, 0.000241, 0.000332, .026864434, SmartPhone/05-OrganizeMeeting_with_preferences_hasPhoneNumber
281, 45, true, 344, 1, 6, 1.05523, 6, 16, true, 3, 0.000183, 0.000819, 0.019118, 0.039117, .032552722, SmartPhone/04-OrganizeMeeting_Large
22, 7, true, 25, 1, 2, 1.08, 2, 4, true, 2, 1.1e-05, 8e-06, 9.5e-05, 0.00018, .023259185, SmartPhone/02-OrganizeMeeting_VerySmall
23, 16, true, 9, 1, 2, 1.22222, 4, 4, false, 3, 8e-06, 3.6e-05, 0.000572, 0.001166, .023548994, SmartPhone/07-ThesisExampleProblem
10, 7, true, 3, 1, 2, 1, 2, 2, false, 2, 3e-06, 5e-06, 9.6e-05, 0.00021, .022570340, SmartPhone/01-OrganizeMeeting_VeryVerySmall
10303, 1, false, 13973, 1, 5, 1.80749, 2448, 9808, true, 9, 0.081603, 0.056689, 0.05546, 0.195938, .888832100, Monroe/p-0021-plow-road
13609, 4, true, 14132, 1, 5, 1.87744, 3332, 9682, true, 8, 0.115571, 0.088975, 0.068006, 0.274691, 1.006234375, Monroe/p-0071-clear-road-hazard
13609, 4, true, 14132, 1, 5, 1.87744, 3332, 9682, true, 8, 0.107403, 0.08785, 0.068039, 0.265529, 1.027550171, Monroe/p-0062-clear-road-hazard
17739, 2, false, 27207, 1, 6, 2.08932, 7138, 22607, true, 10, 0.191026, 0.261374, 0.165651, 0.622351, 1.286616210, Monroe/p-0031-provide-temp-heat
14373, 3, true, 23727, 1, 8, 1.97147, 4072, 19127, true, 7, 0.14698, 0.127983, 0.103088, 0.38141, 1.188981862, Monroe/p-0094-fix-power-line
12092, 3, true, 12684, 1, 5, 1.84122, 2706, 8550, true, 8, 0.097391, 0.054824, 0.049125, 0.203458, 1.111040797, Monroe/p-0065-clear-road-wreck
8392, 7, true, 9159, 1, 5, 1.69058, 1238, 5714, true, 7, 0.071025, 0.037265, 0.033778, 0.143917, .967625891, Monroe/p-0099-fix-power-line
17739, 2, false, 27207, 1, 6, 2.08932, 7138, 22607, true, 10, 0.172989, 0.184571, 0.115476, 0.47669, 1.370632145, Monroe/p-0007-provide-temp-heat
17739, 2, false, 27207, 1, 6, 2.08932, 7138, 22607, true, 10, 0.172125, 0.185939, 0.125747, 0.487449, 1.208594300, Monroe/p-0073-provide-temp-heat
8430, 1, false, 9464, 1, 5, 1.70678, 1248, 6027, true, 8, 0.036796, 0.023624, 0.026728, 0.088273, .820937395, Monroe/p-0056-provide-medical-attention
8430, 1, false, 9464, 1, 5, 1.70678, 1248, 6027, true, 8, 0.036089, 0.024849, 0.028379, 0.090422, .797243192, Monroe/p-0022-provide-medical-attention
8430, 1, false, 9464, 1, 5, 1.70678, 1248, 6027, true, 8, 0.036124, 0.023041, 0.026886, 0.087224, .799566142, Monroe/p-0033-provide-medical-attention
10303, 1, false, 13973, 1, 5, 1.80749, 2448, 9808, true, 9, 0.062704, 0.047496, 0.047142, 0.159067, .827952453, Monroe/p-0049-plow-road
10303, 1, false, 13973, 1, 5, 1.80749, 2448, 9808, true, 9, 0.061457, 0.048388, 0.04638, 0.157999, .833204535, Monroe/p-0064-plow-road
17739, 2, false, 27207, 1, 6, 2.08932, 7138, 22607, true, 10, 0.1811, 0.20227, 0.115806, 0.502759, 1.207582754, Monroe/p-0048-provide-temp-heat
8392, 7, true, 9159, 1, 5, 1.69058, 1238, 5714, true, 7, 0.036854, 0.020785, 0.025672, 0.084416, .769280012, Monroe/p-0035-fix-power-line
9165, 1, false, 9897, 1, 6, 1.7278, 1566, 6282, true, 8, 0.047084, 0.027179, 0.031088, 0.106561, .780953080, Monroe/p-0085-quell-riot
17739, 2, false, 27207, 1, 6, 2.08932, 7138, 22607, true, 10, 0.171035, 0.187802, 0.115777, 0.47823, 1.184156559, Monroe/p-0030-provide-temp-heat
10303, 1, false, 13973, 1, 5, 1.80749, 2448, 9808, true, 9, 0.075679, 0.056751, 0.04519, 0.179458, .836264366, Monroe/p-0011-plow-road
14381, 5, true, 23737, 1, 5, 1.9711, 4071, 19137, true, 8, 0.134474, 0.133603, 0.089638, 0.360926, .980164383, Monroe/p-0075-clear-road-tree
10303, 1, false, 13973, 1, 5, 1.80749, 2448, 9808, true, 9, 0.084563, 0.058854, 0.073247, 0.2195, 1.075266150, Monroe/p-0002-plow-road
8430, 1, false, 9464, 1, 5, 1.70678, 1248, 6027, true, 8, 0.044784, 0.036394, 0.037443, 0.120261, 1.023832742, Monroe/p-0008-provide-medical-attention
14381, 5, true, 23737, 1, 5, 1.9711, 4071, 19137, true, 8, 0.184585, 0.175867, 0.109682, 0.474218, 1.225297110, Monroe/p-0029-clear-road-tree
12092, 3, true, 12684, 1, 5, 1.84122, 2706, 8550, true, 8, 0.096404, 0.059434, 0.07101, 0.228605, 1.111320480, Monroe/p-0046-clear-road-wreck
18287, 3, true, 18588, 1, 5, 1.75285, 3510, 11694, true, 8, 0.241503, 0.098971, 0.077788, 0.421084, 1.226718682, Monroe/p-0060-clear-road-wreck
10303, 1, false, 13973, 1, 5, 1.80749, 2448, 9808, true, 9, 0.07294, 0.069459, 0.055996, 0.200351, .975095468, Monroe/p-0044-plow-road
12092, 3, true, 12684, 1, 5, 1.84122, 2706, 8550, true, 8, 0.101332, 0.067035, 0.058437, 0.229742, .964323054, Monroe/p-0057-clear-road-wreck
9165, 1, false, 9897, 1, 6, 1.7278, 1566, 6282, true, 8, 0.053232, 0.053795, 0.041935, 0.152527, .869258905, Monroe/p-0089-quell-riot
8430, 1, false, 9464, 1, 5, 1.70678, 1248, 6027, true, 8, 0.041957, 0.025821, 0.042282, 0.111362, .881633032, Monroe/p-0053-provide-medical-attention
21641, 2, true, 30742, 1, 5, 2.14583, 9574, 25738, true, 8, 0.275018, 0.319243, 0.190671, 0.793486, 1.392133834, Monroe/p-0028-set-up-shelter
12092, 3, true, 12684, 1, 5, 1.84122, 2706, 8550, true, 8, 0.102444, 0.062144, 0.051449, 0.218022, .963978408, Monroe/p-0063-clear-road-wreck
12092, 3, true, 12684, 1, 5, 1.84122, 2706, 8550, true, 8, 0.08865, 0.05502, 0.052958, 0.198382, .940329404, Monroe/p-0025-clear-road-wreck
10303, 1, false, 13973, 1, 5, 1.80749, 2448, 9808, true, 9, 0.078346, 0.065207, 0.05428, 0.199986, 1.037869484, Monroe/p-0087-plow-road
21641, 2, true, 30742, 1, 5, 2.14583, 9574, 25738, true, 8, 0.22406, 0.265302, 0.141946, 0.635562, 1.517291794, Monroe/p-0092-set-up-shelter
12092, 3, true, 12684, 1, 5, 1.84122, 2706, 8550, true, 8, 0.079665, 0.048371, 0.042541, 0.172155, .863862054, Monroe/p-0001-clear-road-wreck
9165, 1, false, 9897, 1, 6, 1.7278, 1566, 6282, true, 8, 0.046998, 0.026077, 0.029143, 0.103514, .794729383, Monroe/p-0070-quell-riot
10303, 1, false, 13973, 1, 5, 1.80749, 2448, 9808, true, 9, 0.078786, 0.054186, 0.062623, 0.197587, .827486212, Monroe/p-0069-plow-road
9165, 1, false, 9897, 1, 6, 1.7278, 1566, 6282, true, 8, 0.049861, 0.036894, 0.038563, 0.126854, .854348818, Monroe/p-0009-quell-riot
9165, 1, false, 9897, 1, 6, 1.7278, 1566, 6282, true, 8, 0.053741, 0.029583, 0.033586, 0.118299, .839260813, Monroe/p-0090-quell-riot
17739, 2, false, 27207, 1, 6, 2.08932, 7138, 22607, true, 10, 0.19406, 0.206223, 0.115528, 0.519985, 1.406731316, Monroe/p-0084-provide-temp-heat
14381, 5, true, 23737, 1, 5, 1.9711, 4071, 19137, true, 8, 0.14795, 0.136667, 0.087198, 0.375523, 1.037395443, Monroe/p-0097-clear-road-tree
13609, 4, true, 14132, 1, 5, 1.87744, 3332, 9682, true, 8, 0.100124, 0.059996, 0.059072, 0.221016, .919648050, Monroe/p-0059-clear-road-hazard
8430, 1, false, 9464, 1, 5, 1.70678, 1248, 6027, true, 8, 0.037448, 0.022721, 0.026642, 0.087951, .847091835, Monroe/p-0040-provide-medical-attention
14373, 3, true, 23727, 1, 8, 1.97147, 4072, 19127, true, 7, 0.12984, 0.13277, 0.087096, 0.352969, .984620189, Monroe/p-0055-fix-power-line
10303, 1, false, 13973, 1, 5, 1.80749, 2448, 9808, true, 9, 0.059041, 0.044786, 0.044956, 0.150487, .810490223, Monroe/p-0051-plow-road
12092, 3, true, 12684, 1, 5, 1.84122, 2706, 8550, true, 8, 0.077414, 0.048024, 0.046578, 0.173579, .822798278, Monroe/p-0091-clear-road-wreck
17739, 2, false, 27207, 1, 6, 2.08932, 7138, 22607, true, 10, 0.171399, 0.19226, 0.115164, 0.48257, 1.164991600, Monroe/p-0086-provide-temp-heat
13609, 4, true, 14132, 1, 5, 1.87744, 3332, 9682, true, 8, 0.097741, 0.059352, 0.049568, 0.208461, .855507769, Monroe/p-0015-clear-road-hazard
17739, 2, false, 27207, 1, 6, 2.08932, 7138, 22607, true, 10, 0.170849, 0.190971, 0.114384, 0.479943, 1.164584133, Monroe/p-0052-provide-temp-heat
10303, 1, false, 13973, 1, 5, 1.80749, 2448, 9808, true, 9, 0.059004, 0.044935, 0.04496, 0.150603, .817747404, Monroe/p-0077-plow-road
10303, 1, false, 13973, 1, 5, 1.80749, 2448, 9808, true, 9, 0.058988, 0.044871, 0.044955, 0.150518, .806775042, Monroe/p-0024-plow-road
8430, 1, false, 9464, 1, 5, 1.70678, 1248, 6027, true, 8, 0.035086, 0.022617, 0.026817, 0.085659, .793349497, Monroe/p-0004-provide-medical-attention
10303, 1, false, 13973, 1, 5, 1.80749, 2448, 9808, true, 9, 0.061579, 0.046971, 0.046609, 0.156877, .809550965, Monroe/p-0061-plow-road
12093, 10, true, 12682, 1, 5, 1.84088, 2704, 8548, true, 7, 0.078657, 0.049077, 0.043063, 0.172405, .876182356, Monroe/p-0100-fix-water-main
10303, 1, false, 13973, 1, 5, 1.80749, 2448, 9808, true, 9, 0.060006, 0.044872, 0.044937, 0.151525, .898698118, Monroe/p-0027-plow-road
13609, 4, true, 14132, 1, 5, 1.87744, 3332, 9682, true, 8, 0.096492, 0.060707, 0.050067, 0.209084, .912094581, Monroe/p-0054-clear-road-hazard
10303, 1, false, 13973, 1, 5, 1.80749, 2448, 9808, true, 9, 0.059857, 0.045036, 0.044982, 0.151586, .844580392, Monroe/p-0023-plow-road
21641, 2, true, 30742, 1, 5, 2.14583, 9574, 25738, true, 8, 0.214139, 0.245295, 0.142514, 0.606218, 1.256781960, Monroe/p-0010-set-up-shelter
8430, 1, false, 9464, 1, 5, 1.70678, 1248, 6027, true, 8, 0.034315, 0.022651, 0.026559, 0.084659, .802471009, Monroe/p-0068-provide-medical-attention
12092, 3, true, 12684, 1, 5, 1.84122, 2706, 8550, true, 8, 0.077699, 0.04807, 0.042509, 0.169838, .826472306, Monroe/p-0098-clear-road-wreck
14373, 3, true, 23727, 1, 8, 1.97147, 4072, 19127, true, 7, 0.12245, 0.123727, 0.087073, 0.336293, .961652110, Monroe/p-0016-fix-power-line
12092, 3, true, 12684, 1, 5, 1.84122, 2706, 8550, true, 8, 0.079619, 0.050277, 0.042632, 0.174146, .824951523, Monroe/p-0041-clear-road-wreck
14381, 5, true, 23737, 1, 5, 1.9711, 4071, 19137, true, 8, 0.127832, 0.130258, 0.088566, 0.349796, .965336701, Monroe/p-0082-clear-road-tree
13609, 4, true, 14132, 1, 5, 1.87744, 3332, 9682, true, 8, 0.109027, 0.061814, 0.049691, 0.22236, .940238388, Monroe/p-0013-clear-road-hazard
14381, 5, true, 23737, 1, 5, 1.9711, 4071, 19137, true, 8, 0.168248, 0.149231, 0.087366, 0.408359, 1.022572251, Monroe/p-0081-clear-road-tree
12092, 3, true, 12684, 1, 5, 1.84122, 2706, 8550, true, 8, 0.081917, 0.050327, 0.042632, 0.176463, .832380026, Monroe/p-0042-clear-road-wreck
21641, 2, true, 30742, 1, 5, 2.14583, 9574, 25738, true, 8, 0.206062, 0.239782, 0.13603, 0.585998, 1.228246611, Monroe/p-0043-set-up-shelter
17739, 2, false, 27207, 1, 6, 2.08932, 7138, 22607, true, 10, 0.201234, 0.191085, 0.143878, 0.539959, 1.172426923, Monroe/p-0047-provide-temp-heat
14373, 3, true, 23727, 1, 8, 1.97147, 4072, 19127, true, 7, 0.126864, 0.130435, 0.087811, 0.348279, .970127998, Monroe/p-0018-fix-power-line
12092, 3, true, 12684, 1, 5, 1.84122, 2706, 8550, true, 8, 0.078805, 0.050361, 0.042589, 0.173393, .828414909, Monroe/p-0096-clear-road-wreck
8430, 1, false, 9464, 1, 5, 1.70678, 1248, 6027, true, 8, 0.035843, 0.022541, 0.026555, 0.086086, .783871263, Monroe/p-0034-provide-medical-attention
21641, 2, true, 30742, 1, 5, 2.14583, 9574, 25738, true, 8, 0.203473, 0.238497, 0.13609, 0.58217, 1.232686761, Monroe/p-0020-set-up-shelter
10303, 1, false, 13973, 1, 5, 1.80749, 2448, 9808, true, 9, 0.059928, 0.046373, 0.045069, 0.153108, .802702535, Monroe/p-0045-plow-road
12092, 3, true, 12684, 1, 5, 1.84122, 2706, 8550, true, 8, 0.079184, 0.048052, 0.042464, 0.171263, .820270756, Monroe/p-0093-clear-road-wreck
8392, 7, true, 9159, 1, 5, 1.69058, 1238, 5714, true, 7, 0.03317, 0.020435, 0.025336, 0.080045, .741743115, Monroe/p-0014-fix-power-line
8392, 7, true, 9159, 1, 5, 1.69058, 1238, 5714, true, 7, 0.034393, 0.020524, 0.025329, 0.081375, .739989393, Monroe/p-0079-fix-power-line
9165, 1, false, 9897, 1, 6, 1.7278, 1566, 6282, true, 8, 0.043722, 0.025336, 0.028949, 0.099191, .750494697, Monroe/p-0088-quell-riot
12092, 3, true, 12684, 1, 5, 1.84122, 2706, 8550, true, 8, 0.079091, 0.048363, 0.042517, 0.171537, .818005002, Monroe/p-0066-clear-road-wreck
12092, 3, true, 12684, 1, 5, 1.84122, 2706, 8550, true, 8, 0.075514, 0.048031, 0.042568, 0.167669, .814209880, Monroe/p-0019-clear-road-wreck
12092, 3, true, 12684, 1, 5, 1.84122, 2706, 8550, true, 8, 0.075708, 0.048204, 0.042535, 0.168009, .817039862, Monroe/p-0006-clear-road-wreck
13609, 4, true, 14132, 1, 5, 1.87744, 3332, 9682, true, 8, 0.124421, 0.068636, 0.066889, 0.261934, .841999515, Monroe/p-0050-clear-road-hazard
13609, 4, true, 14132, 1, 5, 1.87744, 3332, 9682, true, 8, 0.097444, 0.06045, 0.050146, 0.209834, .879390462, Monroe/p-0037-clear-road-hazard
8430, 1, false, 9464, 1, 5, 1.70678, 1248, 6027, true, 8, 0.042876, 0.023861, 0.026621, 0.094561, .818841149, Monroe/p-0072-provide-medical-attention
10303, 1, false, 13973, 1, 5, 1.80749, 2448, 9808, true, 9, 0.06104, 0.047227, 0.045212, 0.155227, .984708021, Monroe/p-0038-plow-road
12093, 10, true, 12682, 1, 5, 1.84088, 2704, 8548, true, 7, 0.119398, 0.066631, 0.053657, 0.241768, .899714688, Monroe/p-0058-fix-water-main
10303, 1, false, 13973, 1, 5, 1.80749, 2448, 9808, true, 9, 0.07941, 0.060598, 0.058318, 0.200427, 1.086218456, Monroe/p-0078-plow-road
10303, 1, false, 13973, 1, 5, 1.80749, 2448, 9808, true, 9, 0.076981, 0.05853, 0.057573, 0.195157, .878439200, Monroe/p-0012-plow-road
14373, 3, true, 23727, 1, 8, 1.97147, 4072, 19127, true, 7, 0.123216, 0.123876, 0.087114, 0.337289, 1.021636236, Monroe/p-0095-fix-power-line
13609, 4, true, 14132, 1, 5, 1.87744, 3332, 9682, true, 8, 0.09563, 0.059588, 0.049616, 0.206675, .855150460, Monroe/p-0074-clear-road-hazard
14381, 5, true, 23737, 1, 5, 1.9711, 4071, 19137, true, 8, 0.1589, 0.171908, 0.10065, 0.435724, 1.231618996, Monroe/p-0017-clear-road-tree
14381, 5, true, 23737, 1, 5, 1.9711, 4071, 19137, true, 8, 0.16245, 0.18253, 0.109318, 0.458269, 1.100358141, Monroe/p-0026-clear-road-tree
12092, 3, true, 12684, 1, 5, 1.84122, 2706, 8550, true, 8, 0.152604, 0.066383, 0.067925, 0.288945, .908401118, Monroe/p-0083-clear-road-wreck
12092, 3, true, 12684, 1, 5, 1.84122, 2706, 8550, true, 8, 0.125681, 0.090151, 0.062511, 0.280418, 1.119874544, Monroe/p-0005-clear-road-wreck
8430, 1, false, 9464, 1, 5, 1.70678, 1248, 6027, true, 8, 0.052319, 0.027452, 0.042795, 0.123897, .964653005, Monroe/p-0067-provide-medical-attention
21641, 2, true, 30742, 1, 5, 2.14583, 9574, 25738, true, 8, 0.279573, 0.332389, 0.177281, 0.793551, 1.486850303, Monroe/p-0003-set-up-shelter
10303, 1, false, 13973, 1, 5, 1.80749, 2448, 9808, true, 9, 0.059929, 0.044897, 0.045077, 0.151593, .884647631, Monroe/p-0032-plow-road
10303, 1, false, 13973, 1, 5, 1.80749, 2448, 9808, true, 9, 0.061697, 0.046313, 0.045516, 0.155273, .825210840, Monroe/p-0076-plow-road
17739, 2, false, 27207, 1, 6, 2.08932, 7138, 22607, true, 10, 0.1683, 0.192488, 0.116661, 0.481162, 1.219019743, Monroe/p-0080-provide-temp-heat
10303, 1, false, 13973, 1, 5, 1.80749, 2448, 9808, true, 9, 0.059222, 0.045451, 0.046902, 0.153301, .824687200, Monroe/p-0039-plow-road
12092, 3, true, 12684, 1, 5, 1.84122, 2706, 8550, true, 8, 0.079862, 0.048849, 0.042784, 0.173069, .842129915, Monroe/p-0036-clear-road-wreck
